7,Rural,1000,30,14385,10287,29.5668,Atacado,1
7,Rural,1000,30,14386,10048,26.5714,Atacado,2
7,Rural,1000,30,14385,10860,28.7699,Atacado,3
7,Rural,1000,30,14385,10702,27.8055,Atacado,4
7,Rural,1000,30,14385,10315,26.8444,Atacado,5
7,Rural,1000,30,14380,12319,16.9657,Limpo,1
7,Rural,1000,30,14386,12829,19.4016,Limpo,2
7,Rural,1000,30,14382,12355,17.8959,Limpo,3
7,Rural,1000,30,14384,12337,16.6671,Limpo,4
7,Rural,1000,30,14382,12333,23.3591,Limpo,5
7,Urbano,1000,30,14385,8361,30.0515,Atacado,1
7,Urbano,1000,30,14386,8284,31.8348,Atacado,2
7,Urbano,1000,30,14385,9395,32.4348,Atacado,3
7,Urbano,1000,30,14385,8634,29.7714,Atacado,4
7,Urbano,1000,30,14385,8529,25.5607,Atacado,5
7,Urbano,1000,30,14380,9519,21.1314,Limpo,1
7,Urbano,1000,30,14386,10248,29.6535,Limpo,2
7,Urbano,1000,30,14382,9769,27.8884,Limpo,3
7,Urbano,1000,30,14384,11365,29.0805,Limpo,4
7,Urbano,1000,30,14382,11255,26.1355,Limpo,5
7,Rural,2000,30,14385,8788,22.414,Atacado,1
7,Rural,2000,30,14386,9446,28.6098,Atacado,2
7,Rural,2000,30,14385,10527,29.4647,Atacado,3
7,Rural,2000,30,14385,10246,29.2032,Atacado,4
7,Rural,2000,30,14385,9399,28.8509,Atacado,5
7,Rural,2000,30,14380,11911,15.0736,Limpo,1
7,Rural,2000,30,14386,12792,23.8841,Limpo,2
7,Rural,2000,30,14382,11318,16.0258,Limpo,3
7,Rural,2000,30,14384,12340,19.5105,Limpo,4
7,Rural,2000,30,14382,11947,17.1804,Limpo,5
7,Urbano,2000,30,14385,4339,31.9255,Atacado,1
7,Urbano,2000,30,14386,3600,32.806,Atacado,2
7,Urbano,2000,30,14385,5384,32.5982,Atacado,3
7,Urbano,2000,30,14385,5840,30.354,Atacado,4
7,Urbano,2000,30,14385,6747,30.5839,Atacado,5
7,Urbano,2000,30,14380,5317,30.7897,Limpo,1
7,Urbano,2000,30,14386,5232,29.9845,Limpo,2
7,Urbano,2000,30,14382,6514,29.009,Limpo,3
7,Urbano,2000,30,14384,7505,25.5542,Limpo,4
7,Urbano,2000,30,14382,7907,28.1309,Limpo,5
7,Rural,3000,30,14385,8631,27.1231,Atacado,1
7,Rural,3000,30,14386,8996,30.3097,Atacado,2
7,Rural,3000,30,14385,10542,31.3804,Atacado,3
7,Rural,3000,30,14385,9956,29.7266,Atacado,4
7,Rural,3000,30,14385,9138,29.9216,Atacado,5
7,Rural,3000,30,14380,12229,23.6771,Limpo,1
7,Rural,3000,30,14386,12063,29.1328,Limpo,2
7,Rural,3000,30,14382,10989,23.9859,Limpo,3
7,Rural,3000,30,14384,12343,24.9754,Limpo,4
7,Rural,3000,30,14382,11256,24.662,Limpo,5
7,Urbano,3000,30,14385,3519,33.7385,Atacado,1
7,Urbano,3000,30,14386,1710,32.3438,Atacado,2
7,Urbano,3000,30,14385,3367,32.5891,Atacado,3
7,Urbano,3000,30,14385,4833,32.2033,Atacado,4
7,Urbano,3000,30,14385,4451,32.2033,Atacado,5
7,Urbano,3000,30,14380,3879,31.2085,Limpo,1
7,Urbano,3000,30,14386,2881,31.902,Limpo,2
7,Urbano,3000,30,14382,4142,28.5748,Limpo,3
7,Urbano,3000,30,14384,5759,28.7878,Limpo,4
7,Urbano,3000,30,14382,4892,31.8262,Limpo,5
7,Rural,5000,30,14385,8748,30.5671,Atacado,1
7,Rural,5000,30,14386,8691,31.0593,Atacado,2
7,Rural,5000,30,14385,10024,31.8285,Atacado,3
7,Rural,5000,30,14385,8401,25.3972,Atacado,4
7,Rural,5000,30,14385,9186,29.223,Atacado,5
7,Rural,5000,30,14380,9982,21.6292,Limpo,1
7,Rural,5000,30,14386,10346,29.9417,Limpo,2
7,Rural,5000,30,14382,10089,27.8884,Limpo,3
7,Rural,5000,30,14384,11576,29.5703,Limpo,4
7,Rural,5000,30,14382,11272,25.726,Limpo,5
7,Urbano,5000,30,14385,1307,33.2692,Atacado,1
7,Urbano,5000,30,14386,1691,33.1471,Atacado,2
7,Urbano,5000,30,14385,2066,31.1431,Atacado,3
7,Urbano,5000,30,14385,3156,31.6043,Atacado,4
7,Urbano,5000,30,14385,2475,32.2035,Atacado,5
7,Urbano,5000,30,14380,2638,32.2086,Limpo,1
7,Urbano,5000,30,14386,1918,31.9538,Limpo,2
7,Urbano,5000,30,14382,2780,29.009,Limpo,3
7,Urbano,5000,30,14384,4381,29.815,Limpo,4
7,Urbano,5000,30,14382,2980,32.2863,Limpo,5
8,Rural,1000,30,14385,10152,30.0595,Atacado,1
8,Rural,1000,30,14386,10065,31.0392,Atacado,2
8,Rural,1000,30,14385,11035,34.5077,Atacado,3
8,Rural,1000,30,14385,10970,33.8285,Atacado,4
8,Rural,1000,30,14385,10376,28.9283,Atacado,5
8,Rural,1000,30,14380,12032,33.5274,Limpo,1
8,Rural,1000,30,14386,12674,25.4172,Limpo,2
8,Rural,1000,30,14382,11305,26.0814,Limpo,3
8,Rural,1000,30,14384,12776,29.1384,Limpo,4
8,Rural,1000,30,14382,12165,27.6642,Limpo,5
8,Urbano,1000,30,14385,8604,34.7907,Atacado,1
8,Urbano,1000,30,14386,8953,35.0179,Atacado,2
8,Urbano,1000,30,14385,10026,36.2219,Atacado,3
8,Urbano,1000,30,14385,9319,34.8739,Atacado,4
8,Urbano,1000,30,14385,8970,33.13,Atacado,5
8,Urbano,1000,30,14380,9644,23.7123,Limpo,1
8,Urbano,1000,30,14386,10646,34.6359,Limpo,2
8,Urbano,1000,30,14382,10010,31.6589,Limpo,3
8,Urbano,1000,30,14384,11570,34.1152,Limpo,4
8,Urbano,1000,30,14382,11073,30.4201,Limpo,5
8,Rural,2000,30,14385,8650,29.1204,Atacado,1
8,Rural,2000,30,14386,9676,32.2754,Atacado,2
8,Rural,2000,30,14385,10429,35.9783,Atacado,3
8,Rural,2000,30,14385,10342,34.0533,Atacado,4
8,Rural,2000,30,14385,9692,32.763,Atacado,5
8,Rural,2000,30,14380,11895,32.7564,Limpo,1
8,Rural,2000,30,14386,11977,25.9689,Limpo,2
8,Rural,2000,30,14382,11017,26.0786,Limpo,3
8,Rural,2000,30,14384,12239,26.2312,Limpo,4
8,Rural,2000,30,14382,11162,23.7695,Limpo,5
8,Urbano,2000,30,14385,4611,36.3264,Atacado,1
8,Urbano,2000,30,14386,3842,37.2231,Atacado,2
8,Urbano,2000,30,14385,5904,35.952,Atacado,3
8,Urbano,2000,30,14385,6123,35.416,Atacado,4
8,Urbano,2000,30,14385,7212,35.1428,Atacado,5
8,Urbano,2000,30,14380,5364,34.5806,Limpo,1
8,Urbano,2000,30,14386,5595,34.072,Limpo,2
8,Urbano,2000,30,14382,6775,32.5051,Limpo,3
8,Urbano,2000,30,14384,7745,31.4382,Limpo,4
8,Urbano,2000,30,14382,8225,31.4894,Limpo,5
8,Rural,3000,30,14385,8593,31.0642,Atacado,1
8,Rural,3000,30,14386,8944,34.8585,Atacado,2
8,Rural,3000,30,14385,10237,35.9809,Atacado,3
8,Rural,3000,30,14385,9925,34.3679,Atacado,4
8,Rural,3000,30,14385,9599,33.5579,Atacado,5
8,Rural,3000,30,14380,11908,33.4323,Limpo,1
8,Rural,3000,30,14386,12070,29.6843,Limpo,2
8,Rural,3000,30,14382,10960,28.4062,Limpo,3
8,Rural,3000,30,14384,12442,29.2124,Limpo,4
8,Rural,3000,30,14382,11781,25.3856,Limpo,5
8,Urbano,3000,30,14385,3888,37.4733,Atacado,1
8,Urbano,3000,30,14386,1743,36.9328,Atacado,2
8,Urbano,3000,30,14385,3634,35.9424,Atacado,3
8,Urbano,3000,30,14385,4965,35.8783,Atacado,4
8,Urbano,3000,30,14385,4872,36.5628,Atacado,5
8,Urbano,3000,30,14380,4262,35.1547,Limpo,1
8,Urbano,3000,30,14386,2996,35.9976,Limpo,2
8,Urbano,3000,30,14382,4376,32.4992,Limpo,3
8,Urbano,3000,30,14384,6020,30.2654,Limpo,4
8,Urbano,3000,30,14382,5023,35.9403,Limpo,5
8,Rural,5000,30,14385,9219,34.3643,Atacado,1
8,Rural,5000,30,14386,9106,35.9784,Atacado,2
8,Rural,5000,30,14385,10379,35.9458,Atacado,3
8,Rural,5000,30,14385,9260,30.7313,Atacado,4
8,Rural,5000,30,14385,9617,34.5501,Atacado,5
8,Rural,5000,30,14380,10179,24.6932,Limpo,1
8,Rural,5000,30,14386,10796,34.8903,Limpo,2
8,Rural,5000,30,14382,10201,31.6589,Limpo,3
8,Rural,5000,30,14384,11868,34.4281,Limpo,4
8,Rural,5000,30,14382,11354,32.6185,Limpo,5
8,Urbano,5000,30,14385,1357,37.1894,Atacado,1
8,Urbano,5000,30,14386,1553,36.5443,Atacado,2
8,Urbano,5000,30,14385,1991,35.1346,Atacado,3
8,Urbano,5000,30,14385,3481,36.24,Atacado,4
8,Urbano,5000,30,14385,2658,36.5525,Atacado,5
8,Urbano,5000,30,14380,2812,36.3916,Limpo,1
8,Urbano,5000,30,14386,1918,35.9704,Limpo,2
8,Urbano,5000,30,14382,2909,32.2589,Limpo,3
8,Urbano,5000,30,14384,4573,33.3569,Limpo,4
8,Urbano,5000,30,14382,3099,36.7858,Limpo,5
9,Rural,1000,30,14385,10142,37.3949,Atacado,1
9,Rural,1000,30,14386,9437,37.3103,Atacado,2
9,Rural,1000,30,14385,10762,36.9939,Atacado,3
9,Rural,1000,30,14385,10883,38.6142,Atacado,4
9,Rural,1000,30,14385,10811,38.2507,Atacado,5
9,Rural,1000,30,14380,11236,27.7907,Limpo,1
9,Rural,1000,30,14386,11996,34.0815,Limpo,2
9,Rural,1000,30,14382,11430,32.0362,Limpo,3
9,Rural,1000,30,14384,12521,35.7791,Limpo,4
9,Rural,1000,30,14382,11903,32.3885,Limpo,5
9,Urbano,1000,30,14385,8767,38.0695,Atacado,1
9,Urbano,1000,30,14386,8875,39.9153,Atacado,2
9,Urbano,1000,30,14385,10298,39.7448,Atacado,3
9,Urbano,1000,30,14385,9721,38.6654,Atacado,4
9,Urbano,1000,30,14385,9597,38.9217,Atacado,5
9,Urbano,1000,30,14380,10012,27.6905,Limpo,1
9,Urbano,1000,30,14386,11345,39.4891,Limpo,2
9,Urbano,1000,30,14382,10529,36.5874,Limpo,3
9,Urbano,1000,30,14384,11774,38.2925,Limpo,4
9,Urbano,1000,30,14382,11086,36.0173,Limpo,5
9,Rural,2000,30,14385,8919,37.1043,Atacado,1
9,Rural,2000,30,14386,8710,37.6801,Atacado,2
9,Rural,2000,30,14385,10333,37.894,Atacado,3
9,Rural,2000,30,14385,10299,38.9808,Atacado,4
9,Rural,2000,30,14385,9712,37.1241,Atacado,5
9,Rural,2000,30,14380,11329,29.0145,Limpo,1
9,Rural,2000,30,14386,11568,31.0402,Limpo,2
9,Rural,2000,30,14382,10950,32.0326,Limpo,3
9,Rural,2000,30,14384,12981,36.3465,Limpo,4
9,Rural,2000,30,14382,10934,31.6726,Limpo,5
9,Urbano,2000,30,14385,4770,40.032,Atacado,1
9,Urbano,2000,30,14386,4186,40.8634,Atacado,2
9,Urbano,2000,30,14385,6270,39.8094,Atacado,3
9,Urbano,2000,30,14385,6387,39.5934,Atacado,4
9,Urbano,2000,30,14385,7582,39.587,Atacado,5
9,Urbano,2000,30,14380,5447,38.4383,Limpo,1
9,Urbano,2000,30,14386,6177,37.6875,Limpo,2
9,Urbano,2000,30,14382,6973,38.6629,Limpo,3
9,Urbano,2000,30,14384,8262,35.4737,Limpo,4
9,Urbano,2000,30,14382,8665,36.1258,Limpo,5
9,Rural,3000,30,14385,8488,37.1043,Atacado,1
9,Rural,3000,30,14386,8136,37.3101,Atacado,2
9,Rural,3000,30,14385,10128,37.8925,Atacado,3
9,Rural,3000,30,14385,9919,38.9808,Atacado,4
9,Rural,3000,30,14385,8977,37.3834,Atacado,5
9,Rural,3000,30,14380,11258,31.1405,Limpo,1
9,Rural,3000,30,14386,11282,36.3053,Limpo,2
9,Rural,3000,30,14382,10818,34.5287,Limpo,3
9,Rural,3000,30,14384,12351,32.5041,Limpo,4
9,Rural,3000,30,14382,10905,25.7459,Limpo,5
9,Urbano,3000,30,14385,4163,41.2336,Atacado,1
9,Urbano,3000,30,14386,1774,40.4904,Atacado,2
9,Urbano,3000,30,14385,3817,39.8055,Atacado,3
9,Urbano,3000,30,14385,5267,40.6996,Atacado,4
9,Urbano,3000,30,14385,5046,39.9565,Atacado,5
9,Urbano,3000,30,14380,4566,39.5008,Limpo,1
9,Urbano,3000,30,14386,3114,39.3512,Limpo,2
9,Urbano,3000,30,14382,4609,36.8911,Limpo,3
9,Urbano,3000,30,14384,6513,33.9834,Limpo,4
9,Urbano,3000,30,14382,5432,39.8001,Limpo,5
9,Rural,5000,30,14385,9979,38.9207,Atacado,1
9,Rural,5000,30,14386,8565,32.3839,Atacado,2
9,Rural,5000,30,14385,10862,38.9958,Atacado,3
9,Rural,5000,30,14385,9329,34.368,Atacado,4
9,Rural,5000,30,14385,9412,36.4828,Atacado,5
9,Rural,5000,30,14380,10926,28.6108,Limpo,1
9,Rural,5000,30,14386,11248,39.7598,Limpo,2
9,Rural,5000,30,14382,10850,36.8624,Limpo,3
9,Rural,5000,30,14384,12026,38.7731,Limpo,4
9,Rural,5000,30,14382,11353,40.0095,Limpo,5
9,Urbano,5000,30,14385,1436,40.8581,Atacado,1
9,Urbano,5000,30,14386,1695,41.0717,Atacado,2
9,Urbano,5000,30,14385,1977,39.1444,Atacado,3
9,Urbano,5000,30,14385,3656,39.6106,Atacado,4
9,Urbano,5000,30,14385,2754,39.9628,Atacado,5
9,Urbano,5000,30,14380,2990,40.1507,Limpo,1
9,Urbano,5000,30,14386,1918,39.699,Limpo,2
9,Urbano,5000,30,14382,3129,35.688,Limpo,3
9,Urbano,5000,30,14384,4733,37.2466,Limpo,4
9,Urbano,5000,30,14382,3214,40.5377,Limpo,5
10,Rural,1000,30,14385,9645,41.849,Atacado,1
10,Rural,1000,30,14386,9583,45.3151,Atacado,2
10,Rural,1000,30,14385,10518,43.7232,Atacado,3
10,Rural,1000,30,14385,10978,43.8945,Atacado,4
10,Rural,1000,30,14385,11900,44.7846,Atacado,5
10,Rural,1000,30,14380,10687,30.8783,Limpo,1
10,Rural,1000,30,14386,12012,32.1594,Limpo,2
10,Rural,1000,30,14382,11785,37.0923,Limpo,3
10,Rural,1000,30,14384,12471,39.9403,Limpo,4
10,Rural,1000,30,14382,11688,38.5107,Limpo,5
10,Urbano,1000,30,14385,9884,44.6146,Atacado,1
10,Urbano,1000,30,14386,9080,45.3043,Atacado,2
10,Urbano,1000,30,14385,10172,44.2321,Atacado,3
10,Urbano,1000,30,14385,10346,43.8945,Atacado,4
10,Urbano,1000,30,14385,11260,44.7364,Atacado,5
10,Urbano,1000,30,14380,10008,29.1422,Limpo,1
10,Urbano,1000,30,14386,10181,40.1666,Limpo,2
10,Urbano,1000,30,14382,11218,37.3001,Limpo,3
10,Urbano,1000,30,14384,12252,44.3288,Limpo,4
10,Urbano,1000,30,14382,11003,39.7983,Limpo,5
10,Rural,2000,30,14385,8649,40.9926,Atacado,1
10,Rural,2000,30,14386,9038,45.3151,Atacado,2
10,Rural,2000,30,14385,10044,43.7232,Atacado,3
10,Rural,2000,30,14385,10380,43.8945,Atacado,4
10,Rural,2000,30,14385,11230,44.2304,Atacado,5
10,Rural,2000,30,14380,10671,30.993,Limpo,1
10,Rural,2000,30,14386,11260,32.9671,Limpo,2
10,Rural,2000,30,14382,11497,37.0923,Limpo,3
10,Rural,2000,30,14384,12184,42.8552,Limpo,4
10,Rural,2000,30,14382,10270,37.5324,Limpo,5
10,Urbano,2000,30,14385,5061,45.1217,Atacado,1
10,Urbano,2000,30,14386,4502,44.5972,Atacado,2
10,Urbano,2000,30,14385,6242,44.9485,Atacado,3
10,Urbano,2000,30,14385,6782,44.4294,Atacado,4
10,Urbano,2000,30,14385,8350,44.9323,Atacado,5
10,Urbano,2000,30,14380,5599,44.0702,Limpo,1
10,Urbano,2000,30,14386,6510,41.7869,Limpo,2
10,Urbano,2000,30,14382,7545,43.0071,Limpo,3
10,Urbano,2000,30,14384,8390,39.9257,Limpo,4
10,Urbano,2000,30,14382,8893,39.8739,Limpo,5
10,Rural,3000,30,14385,7882,41.8705,Atacado,1
10,Rural,3000,30,14386,8139,42.8746,Atacado,2
10,Rural,3000,30,14385,9391,43.7232,Atacado,3
10,Rural,3000,30,14385,10023,43.8945,Atacado,4
10,Rural,3000,30,14385,10937,44.2304,Atacado,5
10,Rural,3000,30,14380,10579,36.2215,Limpo,1
10,Rural,3000,30,14386,11082,35.1036,Limpo,2
10,Rural,3000,30,14382,11465,37.0923,Limpo,3
10,Rural,3000,30,14384,12323,34.2841,Limpo,4
10,Rural,3000,30,14382,10830,36.9283,Limpo,5
10,Urbano,3000,30,14385,4301,45.1217,Atacado,1
10,Urbano,3000,30,14386,1920,45.1089,Atacado,2
10,Urbano,3000,30,14385,4179,44.9379,Atacado,3
10,Urbano,3000,30,14385,5386,44.4268,Atacado,4
10,Urbano,3000,30,14385,5676,44.9349,Atacado,5
10,Urbano,3000,30,14380,4806,43.3237,Limpo,1
10,Urbano,3000,30,14386,3232,44.2008,Limpo,2
10,Urbano,3000,30,14382,4752,40.8736,Limpo,3
10,Urbano,3000,30,14384,6649,36.5386,Limpo,4
10,Urbano,3000,30,14382,5647,43.8145,Limpo,5
10,Rural,5000,30,14385,9347,39.2643,Atacado,1
10,Rural,5000,30,14386,8485,35.2287,Atacado,2
10,Rural,5000,30,14385,10680,43.8979,Atacado,3
10,Rural,5000,30,14385,9946,41.0353,Atacado,4
10,Rural,5000,30,14385,9680,43.4088,Atacado,5
10,Rural,5000,30,14380,10697,29.6988,Limpo,1
10,Rural,5000,30,14386,10538,43.7905,Limpo,2
10,Rural,5000,30,14382,10949,39.0052,Limpo,3
10,Rural,5000,30,14384,12410,44.3544,Limpo,4
10,Rural,5000,30,14382,10934,35.5863,Limpo,5
10,Urbano,5000,30,14385,1559,45.1119,Atacado,1
10,Urbano,5000,30,14386,1741,44.9405,Atacado,2
10,Urbano,5000,30,14385,2046,43.6219,Atacado,3
10,Urbano,5000,30,14385,3898,44.4042,Atacado,4
10,Urbano,5000,30,14385,3218,44.9349,Atacado,5
10,Urbano,5000,30,14380,3133,43.8322,Limpo,1
10,Urbano,5000,30,14386,1918,43.7038,Limpo,2
10,Urbano,5000,30,14382,3216,40.8517,Limpo,3
10,Urbano,5000,30,14384,4962,41.3133,Limpo,4
10,Urbano,5000,30,14382,3441,44.6442,Limpo,5
11,Rural,1000,30,14385,10452,49.4134,Atacado,1
11,Rural,1000,30,14386,10018,50.2615,Atacado,2
11,Rural,1000,30,14385,10486,50.2415,Atacado,3
11,Rural,1000,30,14385,10697,50.0271,Atacado,4
11,Rural,1000,30,14385,12281,48.8205,Atacado,5
11,Rural,1000,30,14380,10230,42.7122,Limpo,1
11,Rural,1000,30,14386,11463,41.3229,Limpo,2
11,Rural,1000,30,14382,12027,41.5339,Limpo,3
11,Rural,1000,30,14384,12408,44.9941,Limpo,4
11,Rural,1000,30,14382,11489,42.7986,Limpo,5
11,Urbano,1000,30,14385,10215,49.4363,Atacado,1
11,Urbano,1000,30,14386,9139,50.2615,Atacado,2
11,Urbano,1000,30,14385,10387,50.2415,Atacado,3
11,Urbano,1000,30,14385,10283,50.026,Atacado,4
11,Urbano,1000,30,14385,11787,48.8205,Atacado,5
11,Urbano,1000,30,14380,9230,30.077,Limpo,1
11,Urbano,1000,30,14386,10399,49.568,Limpo,2
11,Urbano,1000,30,14382,11340,42.2795,Limpo,3
11,Urbano,1000,30,14384,12268,50.3507,Limpo,4
11,Urbano,1000,30,14382,11280,43.4711,Limpo,5
11,Rural,2000,30,14385,10343,49.4363,Atacado,1
11,Rural,2000,30,14386,9016,50.2615,Atacado,2
11,Rural,2000,30,14385,10283,50.2415,Atacado,3
11,Rural,2000,30,14385,10255,50.026,Atacado,4
11,Rural,2000,30,14385,11804,48.8205,Atacado,5
11,Rural,2000,30,14380,10224,43.3866,Limpo,1
11,Rural,2000,30,14386,11251,39.7207,Limpo,2
11,Rural,2000,30,14382,11931,41.5339,Limpo,3
11,Rural,2000,30,14384,12408,44.4944,Limpo,4
11,Rural,2000,30,14382,10189,40.2973,Limpo,5
11,Urbano,2000,30,14385,5551,49.3981,Atacado,1
11,Urbano,2000,30,14386,4748,50.039,Atacado,2
11,Urbano,2000,30,14385,6630,49.8767,Atacado,3
11,Urbano,2000,30,14385,6748,49.854,Atacado,4
11,Urbano,2000,30,14385,8865,48.5953,Atacado,5
11,Urbano,2000,30,14380,5745,49.8127,Limpo,1
11,Urbano,2000,30,14386,7071,46.8303,Limpo,2
11,Urbano,2000,30,14382,7697,48.4158,Limpo,3
11,Urbano,2000,30,14384,8845,46.5317,Limpo,4
11,Urbano,2000,30,14382,9312,43.8862,Limpo,5
11,Rural,3000,30,14385,9017,49.4363,Atacado,1
11,Rural,3000,30,14386,8125,49.6026,Atacado,2
11,Rural,3000,30,14385,9411,50.2415,Atacado,3
11,Rural,3000,30,14385,9831,50.026,Atacado,4
11,Rural,3000,30,14385,11347,48.8205,Atacado,5
11,Rural,3000,30,14380,10288,43.2849,Limpo,1
11,Rural,3000,30,14386,11194,38.658,Limpo,2
11,Rural,3000,30,14382,11804,41.5339,Limpo,3
11,Rural,3000,30,14384,11860,44.5011,Limpo,4
11,Rural,3000,30,14382,10595,41.3246,Limpo,5
11,Urbano,3000,30,14385,4536,49.3992,Atacado,1
11,Urbano,3000,30,14386,1830,50.039,Atacado,2
11,Urbano,3000,30,14385,4507,49.8535,Atacado,3
11,Urbano,3000,30,14385,5601,49.854,Atacado,4
11,Urbano,3000,30,14385,5740,48.5953,Atacado,5
11,Urbano,3000,30,14380,4890,48.4045,Limpo,1
11,Urbano,3000,30,14386,3416,48.7833,Limpo,2
11,Urbano,3000,30,14382,5376,50.021,Limpo,3
11,Urbano,3000,30,14384,6602,43.9083,Limpo,4
11,Urbano,3000,30,14382,5473,49.8134,Limpo,5
11,Rural,5000,30,14385,9101,45.4492,Atacado,1
11,Rural,5000,30,14386,8405,45.5017,Atacado,2
11,Rural,5000,30,14385,8756,46.9217,Atacado,3
11,Rural,5000,30,14385,9909,48.6986,Atacado,4
11,Rural,5000,30,14385,10498,47.576,Atacado,5
11,Rural,5000,30,14380,9981,30.1323,Limpo,1
11,Rural,5000,30,14386,10399,49.568,Limpo,2
11,Rural,5000,30,14382,11340,42.3163,Limpo,3
11,Rural,5000,30,14384,12268,50.3774,Limpo,4
11,Rural,5000,30,14382,11187,38.9022,Limpo,5
11,Urbano,5000,30,14385,1571,50.0431,Atacado,1
11,Urbano,5000,30,14386,1725,49.8539,Atacado,2
11,Urbano,5000,30,14385,3059,49.8535,Atacado,3
11,Urbano,5000,30,14385,4003,49.854,Atacado,4
11,Urbano,5000,30,14385,3356,49.8506,Atacado,5
11,Urbano,5000,30,14380,3411,49.8352,Limpo,1
11,Urbano,5000,30,14386,1918,48.8687,Limpo,2
11,Urbano,5000,30,14382,3737,46.9412,Limpo,3
11,Urbano,5000,30,14384,4864,46.7174,Limpo,4
11,Urbano,5000,30,14382,3477,49.7153,Limpo,5
12,Rural,1000,30,14385,10112,54.8154,Atacado,1
12,Rural,1000,30,14386,9088,55.0462,Atacado,2
12,Rural,1000,30,14385,10504,55.0218,Atacado,3
12,Rural,1000,30,14385,10414,54.7774,Atacado,4
12,Rural,1000,30,14385,11776,55.0407,Atacado,5
12,Rural,1000,30,14380,11030,47.8008,Limpo,1
12,Rural,1000,30,14386,10195,50.732,Limpo,2
12,Rural,1000,30,14382,11209,49.1481,Limpo,3
12,Rural,1000,30,14384,12274,49.8286,Limpo,4
12,Rural,1000,30,14382,11635,50.2812,Limpo,5
12,Urbano,1000,30,14385,10051,54.8154,Atacado,1
12,Urbano,1000,30,14386,9006,55.0462,Atacado,2
12,Urbano,1000,30,14385,10574,55.0218,Atacado,3
12,Urbano,1000,30,14385,9994,54.7774,Atacado,4
12,Urbano,1000,30,14385,11386,55.0407,Atacado,5
12,Urbano,1000,30,14380,9160,32.2452,Limpo,1
12,Urbano,1000,30,14386,9689,55.8774,Limpo,2
12,Urbano,1000,30,14382,11081,48.7566,Limpo,3
12,Urbano,1000,30,14384,12191,55.4829,Limpo,4
12,Urbano,1000,30,14382,11149,47.0812,Limpo,5
12,Rural,2000,30,14385,10051,54.8154,Atacado,1
12,Rural,2000,30,14386,8930,55.0462,Atacado,2
12,Rural,2000,30,14385,10504,55.0218,Atacado,3
12,Rural,2000,30,14385,9994,54.7774,Atacado,4
12,Rural,2000,30,14385,11408,55.0407,Atacado,5
12,Rural,2000,30,14380,11030,47.8008,Limpo,1
12,Rural,2000,30,14386,10195,51.3437,Limpo,2
12,Rural,2000,30,14382,11113,49.1481,Limpo,3
12,Rural,2000,30,14384,12315,50.812,Limpo,4
12,Rural,2000,30,14382,11635,50.2812,Limpo,5
12,Urbano,2000,30,14385,5652,54.8131,Atacado,1
12,Urbano,2000,30,14386,4872,54.7987,Atacado,2
12,Urbano,2000,30,14385,6889,54.5644,Atacado,3
12,Urbano,2000,30,14385,7075,54.5638,Atacado,4
12,Urbano,2000,30,14385,8634,54.5614,Atacado,5
12,Urbano,2000,30,14380,5583,54.7939,Limpo,1
12,Urbano,2000,30,14386,7125,50.3944,Limpo,2
12,Urbano,2000,30,14382,7856,52.9956,Limpo,3
12,Urbano,2000,30,14384,8742,49.0351,Limpo,4
12,Urbano,2000,30,14382,9263,48.1597,Limpo,5
12,Rural,3000,30,14385,8542,54.8131,Atacado,1
12,Rural,3000,30,14386,8082,55.0462,Atacado,2
12,Rural,3000,30,14385,9543,55.0218,Atacado,3
12,Rural,3000,30,14385,9635,54.7774,Atacado,4
12,Rural,3000,30,14385,11163,55.0407,Atacado,5
12,Rural,3000,30,14380,10994,48.2977,Limpo,1
12,Rural,3000,30,14386,10644,42.6877,Limpo,2
12,Rural,3000,30,14382,11081,49.1481,Limpo,3
12,Rural,3000,30,14384,11922,44.8976,Limpo,4
12,Rural,3000,30,14382,11355,46.3714,Limpo,5
12,Urbano,3000,30,14385,4795,54.8131,Atacado,1
12,Urbano,3000,30,14386,1839,54.7977,Atacado,2
12,Urbano,3000,30,14385,4614,54.5654,Atacado,3
12,Urbano,3000,30,14385,5694,54.5658,Atacado,4
12,Urbano,3000,30,14385,5824,54.5614,Atacado,5
12,Urbano,3000,30,14380,5027,52.9477,Limpo,1
12,Urbano,3000,30,14386,3672,54.793,Limpo,2
12,Urbano,3000,30,14382,5520,55.0504,Limpo,3
12,Urbano,3000,30,14384,6541,46.4278,Limpo,4
12,Urbano,3000,30,14382,5717,54.8461,Limpo,5
12,Rural,5000,30,14385,9416,52.34,Atacado,1
12,Rural,5000,30,14386,8832,55.0483,Atacado,2
12,Rural,5000,30,14385,8694,51.7772,Atacado,3
12,Rural,5000,30,14385,9848,53.9664,Atacado,4
12,Rural,5000,30,14385,10488,53.483,Atacado,5
12,Rural,5000,30,14380,9991,35.235,Limpo,1
12,Rural,5000,30,14386,9689,55.8784,Limpo,2
12,Rural,5000,30,14382,10937,48.0762,Limpo,3
12,Rural,5000,30,14384,12191,55.5149,Limpo,4
12,Rural,5000,30,14382,11181,47.0812,Limpo,5
12,Urbano,5000,30,14385,1606,54.8121,Atacado,1
12,Urbano,5000,30,14386,1677,54.566,Atacado,2
12,Urbano,5000,30,14385,3201,54.5644,Atacado,3
12,Urbano,5000,30,14385,4045,54.5658,Atacado,4
12,Urbano,5000,30,14385,3528,54.5604,Atacado,5
12,Urbano,5000,30,14380,3665,54.545,Limpo,1
12,Urbano,5000,30,14386,1918,53.5035,Limpo,2
12,Urbano,5000,30,14382,3833,53.0593,Limpo,3
12,Urbano,5000,30,14384,5269,51.9699,Limpo,4
12,Urbano,5000,30,14382,3666,54.7776,Limpo,5
